"IMBD_id","IMBD_name","IMBD_rate","IMBD_genre","IMBD_detail","IMBD_year","IMBD_time","IMBD_votes","IMBD_rating","IMBD_cast","IMBD_type","IMBD_country"
"151.","SEAL Team","7.5","Action, Drama, War","The lives of the elite Navy SEALs as they train, plan and execute the most dangerous, high-stakes missions our country can ask.","(2017– )","43 min","15,063","TV-14","Stars: David Boreanaz, Max Thieriot, Jessica Paré, Neil Brown Jr.","TV Series (2017– )","Country: USA"
"152.","Overlord","6.6","Action, Adventure, Horror","A small group of American soldiers find horror behind enemy lines on the eve of D-Day.","(2018)","110 min","83,545","R","Director: Julius Avery | Stars: Jovan Adepo, Wyatt Russell, Mathilde Ollivier, Pilou Asbæk","9 November 2018 (USA)","Official Sites: Official Facebook | Official Site | See more »"
"153.","Jurassic Park","8.1","Action, Adventure, Sci-Fi","A pragmatic paleontologist visiting an almost complete theme park is tasked with protecting a couple of kids after a power failure causes the park's cloned dinosaurs to run loose.","(1993)","127 min","853,755","PG-13","Director: Steven Spielberg | Stars: Sam Neill, Laura Dern, Jeff Goldblum, Richard Attenborough","11 June 1993 (USA)","Official Sites: Official Facebook"
"154.","Untitled Spider-Man Sequel","","Action, Adventure, Sci-Fi","A continuation of Spider-Man Far From Home","(2021)","","","","Director: Jon Watts | Stars: Tom Holland, Zendaya, Benedict Cumberbatch, Marisa Tomei","17 December 2021 (USA)","Country: USA"
"155.","Charlie's Angels","4.8","Action, Adventure, Comedy","When a young systems engineer blows the whistle on a dangerous technology, Charlie's Angels are called into action, putting their lives on the line to protect us all.","(2019)","118 min","53,179","PG-13","Director: Elizabeth Banks | Stars: Kristen Stewart, Naomi Scott, Ella Balinska, Elizabeth Banks","15 November 2019 (USA)","Official Sites: Official Facebook | Official Site | See more »"
"156.","Secret Society of Second Born Royals","4.7","Action, Adventure, Comedy","It follows Sam's adventures at a top-secret training program for a new class of second-born royals tasked with saving the world.","(2020)","99 min","2,315","TV-PG","Director: Anna Mastro | Stars: Peyton Elizabeth Lee, Niles Fitch, Isabella Blake-Thomas, Olivia Deeble","25 September 2020 (USA)","Official Sites: Disney+"
"157.","Train to Busan","7.6","Action, Horror, Thriller","While a zombie virus breaks out in South Korea, passengers struggle to survive on the train from Seoul to Busan.","(2016)","118 min","158,121","TV-MA","Director: Sang-ho Yeon | Stars: Yoo Gong, Yu-mi Jung, Dong-seok Ma, Su-an Kim","20 July 2016 (South Korea)","Official Sites: Cannes Film Festival's facebook | Cannes Film Festival's website | See more »"
"158.","Harry Potter and the Order of the Phoenix","7.5","Action, Adventure, Family","With their warning about Lord Voldemort's (Ralph Fiennes') return scoffed at, Harry (Daniel Radcliffe) and Dumbledore (Sir Michael Gambon) are targeted by the Wizard authorities as an authoritarian bureaucrat slowly seizes power at Hogwarts.","(2007)","138 min","499,795","PG-13","Director: David Yates | Stars: Daniel Radcliffe, Emma Watson, Rupert Grint, Brendan Gleeson","11 July 2007 (USA)","Official Sites: Official Facebook"
"159.","Altered Carbon","8.0","Action, Drama, Sci-Fi","Set in a future where consciousness is digitized and stored, a prisoner returns to life in a new body and must solve a mind-bending murder to win his freedom.","(2018–2020)","60 min","137,995","TV-MA","Stars: Chris Conner, Renée Elise Goldsberry, Will Yun Lee, Dichen Lachman","TV Series (2018–2020)","Official Sites: Instagram | Official Facebook | See more »"
"160.","Mission: Impossible 7","","Action, Adventure, Thriller","Seventh entry in the long-running Mission: Impossible series.","(2021)","","","","Director: Christopher McQuarrie | Stars: Rebecca Ferguson, Tom Cruise, Vanessa Kirby, Hayley Atwell","19 November 2021 (USA)","Official Sites: Official Franchise Site"
"161.","Spider-Man: Far from Home","7.5","Action, Adventure, Sci-Fi","Following the events of Avengers: Endgame (2019), Spider-Man must step up to take on new threats in a world that has changed forever.","(2019)","129 min","311,322","PG-13","Director: Jon Watts | Stars: Tom Holland, Samuel L. Jackson, Jake Gyllenhaal, Marisa Tomei","2 July 2019 (USA)","Official Sites: Marvel [United States] | Official Facebook | See more »"
"162.","The Silencing","6.1","Action, Crime, Thriller","A reformed hunter living in isolation on a wildlife sanctuary becomes involved in a deadly game of cat and mouse when he and the local Sheriff set out to track a vicious killer who may have kidnapped his daughter years ago.","(2020)","93 min","8,032","R","Director: Robin Pront | Stars: Nikolaj Coster-Waldau, Caleb Ellsworth-Clark, Josh Cruddas, Annabelle Wallis","18 July 2020 (USA)","Country: Canada | USA"
"163.","Star Trek: Enterprise","7.5","Action, Adventure, Drama","A century before Captain Kirk's five-year mission, Jonathan Archer captains the United Earth ship Enterprise during the early years of Starfleet, leading up to the Earth-Romulan War and the formation of the Federation.","(2001–2005)","60 min","44,947","TV-PG","Stars: Scott Bakula, John Billingsley, Jolene Blalock, Dominic Keating","TV Series (2001–2005)","Official Sites: Official Facebook | Paramount [United States] | See more »"
"164.","Black Widow","","Action, Adventure, Sci-Fi","A film about Natasha Romanoff in her quests between the films Civil War and Infinity War.","(2021)","","","","Director: Cate Shortland | Stars: Scarlett Johansson, Robert Downey Jr., Florence Pugh, Rachel Weisz","7 May 2021 (USA)","Official Sites: Official Facebook | Official Site"
"165.","Jurassic World: Dominion","","Action, Adventure, Sci-Fi","Plot kept under wraps.","(2022)","","","","Director: Colin Trevorrow | Stars: Bryce Dallas Howard, Jeff Goldblum, Chris Pratt, Jake Johnson","10 June 2022 (USA)","Country: USA"
"166.","Extraction","6.7","Action, Thriller","Tyler Rake, a fearless black market mercenary, embarks on the most deadly extraction of his career when he's enlisted to rescue the kidnapped son of an imprisoned international crime lord.","(2020)","116 min","147,698","R","Director: Sam Hargrave | Stars: Chris Hemsworth, Bryon Lerum, Ryder Lerum, Rudhraksh Jaiswal","","Official Sites: Official Instagram | official site | See more »"
"167.","My Hero Academia","8.5","Animation, Action, Adventure","A superhero-loving boy without any powers is determined to enroll in a prestigious hero academy and learn what it really means to be a hero.","(2016– )","24 min","30,413","TV-14","Stars: Daiki Yamashita, Justin Briner, Nobuhiko Okamoto, Ayane Sakura","TV Series (2016– )","Official Sites: Official site [Japan]"
"168.","Avatar","7.8","Action, Adventure, Fantasy","A paraplegic Marine dispatched to the moon Pandora on a unique mission becomes torn between following his orders and protecting the world he feels is his home.","(2009)","162 min","1,107,044","PG-13","Director: James Cameron | Stars: Sam Worthington, Zoe Saldana, Sigourney Weaver, Michelle Rodriguez","18 December 2009 (USA)","Official Sites: Official Facebook | Official Site"
"169.","Godzilla vs. Kong","","Action, Sci-Fi, Thriller","The epic next chapter in the cinematic Monsterverse pits two of the greatest icons in motion picture history against one another - the fearsome Godzilla and the mighty Kong - with humanity caught in the balance.","(2021)","","","PG-13","Director: Adam Wingard | Stars: Millie Bobby Brown, Jessica Henwick, Alexander Skarsgård, Eiza González","21 May 2021 (USA)","Country: USA"
"170.","The Doorman","4.4","Action, Thriller","A woman returns from combat and befriends a family in NYC. A gang of thieves plot to take the family's valuables, and she is all that stands between them and their lives.","(2020)","97 min","1,677","R","Director: Ryûhei Kitamura | Stars: Ruby Rose, Jean Reno, Aksel Hennie, Rupert Evans","","Official Sites: Double Dutch International [Canada]"
"171.","Spider-Man: Homecoming","7.4","Action, Adventure, Sci-Fi","Peter Parker balances his life as an ordinary high school student in Queens with his superhero alter-ego Spider-Man, and finds himself on the trail of a new menace prowling the skies of New York City.","(2017)","133 min","499,971","PG-13","Director: Jon Watts | Stars: Tom Holland, Michael Keaton, Robert Downey Jr., Marisa Tomei","7 July 2017 (USA)","Official Sites: Marvel [United States] | Official Facebook | See more »"
"172.","Scorpion","7.1","Action, Crime, Drama","An eccentric genius forms an international network of super-geniuses to act as the last line of defense against the complicated threats of the modern world.","(2014–2018)","43 min","45,988","TV-14","Stars: Elyes Gabel, Katharine McPhee, Eddie Kaye Thomas, Jadyn Wong","TV Series (2014–2018)","Official Sites: Official site"
"173.","Aliens","8.3","Action, Adventure, Sci-Fi","Ellen Ripley is rescued by a deep salvage team after being in hypersleep for 57 years. The moon that the Nostromo visited has been colonized, but contact is lost. This time, colonial marines have impressive firepower, but will that be enough?","(1986)","137 min","644,487","R","Director: James Cameron | Stars: Sigourney Weaver, Michael Biehn, Carrie Henn, Paul Reiser","18 July 1986 (USA)","Official Sites: Official Facebook | Official site"
"174.","Doctor Strange in the Multiverse of Madness","","Action, Adventure, Fantasy","Plot unknown. Sequel to the 2016 Marvel film 'Doctor Strange'.","(2022)","","","","Director: Sam Raimi | Stars: Benedict Cumberbatch, Elizabeth Olsen, Chiwetel Ejiofor, Benedict Wong","25 March 2022 (USA)","Country: USA"
"175.","Scott Pilgrim vs. the World","7.5","Action, Comedy, Fantasy","In a magically realistic version of Toronto, a young man must defeat his new girlfriend's seven evil exes one by one in order to win her heart.","(2010)","112 min","372,313","PG-13","Director: Edgar Wright | Stars: Michael Cera, Mary Elizabeth Winstead, Kieran Culkin, Anna Kendrick","13 August 2010 (USA)","Official Sites: Official Facebook | Universal Pictures France [France]"
"176.","Batman Begins","8.2","Action, Adventure","After training with his mentor, Batman begins his fight to free crime-ridden Gotham City from corruption.","(2005)","140 min","1,289,033","PG-13","Director: Christopher Nolan | Stars: Christian Bale, Michael Caine, Ken Watanabe, Liam Neeson","","Official Sites: Official Facebook"
"177.","Midway","6.7","Action, Adventure, Drama","The story of the Battle of Midway, told by the leaders and the sailors who fought it.","(2019)","138 min","61,387","PG-13","Director: Roland Emmerich | Stars: Ed Skrein, Patrick Wilson, Woody Harrelson, Luke Evans","8 November 2019 (USA)","Official Sites: Official Facebook | Official Site | See more »"
"178.","Harry Potter and the Half-Blood Prince","7.6","Action, Adventure, Family","As Harry Potter (Daniel Radcliffe) begins his sixth year at Hogwarts, he discovers an old book marked as ""the property of the Half-Blood Prince"" and begins to learn more about Lord Voldemort's (Ralph Fiennes') dark past.","(2009)","153 min","463,540","PG","Director: David Yates | Stars: Daniel Radcliffe, Emma Watson, Rupert Grint, Michael Gambon","15 July 2009 (USA)","Official Sites: Official Facebook"
"179.","Polar","6.3","Action, Crime, Drama","A retiring assassin suddenly finds himself on the receiving end of a hit, contracted by none other than his own employer seeking to cash in on the pensions of aging employees.","(I) (2019)","118 min","72,370","TV-MA","Director: Jonas Åkerlund | Stars: Mads Mikkelsen, Vanessa Hudgens, Katheryn Winnick, Fei Ren","25 January 2019 (USA)","Official Sites: Official Netflix"
"180.","30 Days of Night","6.6","Action, Horror, Thriller","After an Alaskan town is plunged into darkness for a month, it is attacked by a bloodthirsty gang of vampires.","(2007)","113 min","163,394","R","Director: David Slade | Stars: Josh Hartnett, Melissa George, Danny Huston, Ben Foster","19 October 2007 (USA)","Official Sites: Sony Pictures Entertainment"
"181.","Riot Police","8.4","Action, Adventure, Crime","A fictionalised look into the human tragedy of riot police and police brutality in Spain.","(2020)","","1,000","","Stars: Vicky Luengo, Raúl Arévalo, Álex García, Hovik Keuchkerian","TV Series (2020)","Official Sites: Official Site [Spain]"
"182.","Snowpiercer","6.7","Action, Drama, Sci-Fi","Seven years after the world has become a frozen wasteland, the remnants of humanity inhabit a perpetually-moving train that circles the globe, where class warfare, social injustice and the politics of survival play out.","(2020– )","60 min","20,118","TV-MA","Stars: Jennifer Connelly, Daveed Diggs, Mickey Sumner, Alison Wright","TV Series (2020– )","Official Sites: Official Facebook | Official Netflix | See more »"
"183.","Person of Interest","8.4","Action, Crime, Drama","An ex-CIA agent and a wealthy programmer save lives via a surveillance AI that sends them the identities of civilians involved in impending crimes. However, the details of the crimes--including the civilians' roles--are left a mystery.","(2011–2016)","43 min","161,327","TV-14","Stars: Jim Caviezel, Taraji P. Henson, Kevin Chapman, Michael Emerson","TV Series (2011–2016)","Country: USA"
"184.","I Am Vengeance: Retaliation","3.5","Action","British action film written and directed by Ross Boyask and starring Wade Barrett (reprising his role as John Gold) and Vinnie Jones. It is the sequel to the 2018 film I Am Vengeance.","(2020)","90 min","758","R","Director: Ross Boyask | Stars: Stu Bennett, Vinnie Jones, Jacob Anderton, Sam Benjamin","","Country: UK"
"185.","The Magnificent Seven","6.9","Action, Adventure, Western","Seven gunmen from a variety of backgrounds are brought together by a vengeful young widow to protect her town from the private army of a destructive industrialist.","(2016)","132 min","182,598","PG-13","Director: Antoine Fuqua | Stars: Denzel Washington, Chris Pratt, Ethan Hawke, Vincent D'Onofrio","23 September 2016 (USA)","Official Sites: Official Facebook | Official site | See more »"
"186.","See","7.6","Action, Drama, Sci-Fi","Far in a dystopian future, the human race has lost the sense of sight, and society has had to find new ways to interact, build, hunt, and to survive. All of that is challenged when a set of twins is born with sight.","(2019– )","60 min","38,144","TV-MA","Stars: Jason Momoa, Sylvia Hoeks, Hera Hilmar, Christian Camargo","TV Series (2019– )","Official Sites: Official Site"
"187.","Die Hard","8.2","Action, Thriller","An NYPD officer tries to save his wife and several others taken hostage by German terrorists during a Christmas party at the Nakatomi Plaza in Los Angeles.","(1988)","132 min","773,088","R","Director: John McTiernan | Stars: Bruce Willis, Alan Rickman, Bonnie Bedelia, Reginald VelJohnson","","Official Sites: Official Facebook | Official site"
"188.","6 Underground","6.1","Action, Thriller","Meet a new kind of action hero. Six untraceable agents, totally off the grid. They've buried their pasts so they can change the future.","(2019)","128 min","132,899","R","Director: Michael Bay | Stars: Ryan Reynolds, Mélanie Laurent, Manuel Garcia-Rulfo, Ben Hardy","","Official Sites: Official Netflix"
"189.","Train to Busan Presents: Peninsula","5.4","Action, Horror, Thriller","A zombie virus has in the last 4 years spread to all South Korea. 4 Koreans in HK sail thru the blockade to Incheon for USD20,000,000 on a truck.","(2020)","116 min","14,074","Not Rated","Director: Sang-ho Yeon | Stars: Dong-Won Gang, Jung-hyun Lee, Re Lee, Hae-hyo Kwon","7 August 2020 (USA)","Official Sites: Official Facebook | Official Instagram | See more »"
"190.","The Girl in the Spider's Web","6.1","Action, Crime, Drama","Young computer hacker Lisbeth Salander and journalist Mikael Blomkvist find themselves caught in a web of spies, cybercriminals and corrupt government officials.","(2018)","115 min","39,842","R","Director: Fede Alvarez | Stars: Claire Foy, Beau Gadsdon, Sverrir Gudnason, LaKeith Stanfield","9 November 2018 (USA)","Official Sites: Instagram | Official Facebook | See more »"
"191.","Blade Runner","8.1","Action, Sci-Fi, Thriller","A blade runner must pursue and terminate four replicants who stole a ship in space, and have returned to Earth to find their creator.","(1982)","117 min","683,702","R","Director: Ridley Scott | Stars: Harrison Ford, Rutger Hauer, Sean Young, Edward James Olmos","25 June 1982 (USA)","Official Sites: Warner Bros. [United States]"
"192.","Pirates of the Caribbean: The Curse of the Black Pearl","8.0","Action, Adventure, Fantasy","Blacksmith Will Turner teams up with eccentric pirate ""Captain"" Jack Sparrow to save his love, the governor's daughter, from Jack's former pirate allies, who are now undead.","(2003)","143 min","1,005,837","PG-13","Director: Gore Verbinski | Stars: Johnny Depp, Geoffrey Rush, Orlando Bloom, Keira Knightley","9 July 2003 (USA)","Official Sites: Cascade Film [Russia] | Official Facebook | See more »"
"193.","V for Vendetta","8.2","Action, Drama, Sci-Fi","In a future British tyranny, a shadowy freedom fighter, known only by the alias of ""V"", plots to overthrow it with the help of a young woman.","(2005)","132 min","1,017,248","R","Director: James McTeigue | Stars: Hugo Weaving, Natalie Portman, Rupert Graves, Stephen Rea","17 March 2006 (USA)","Official Sites: Official Facebook | Warner Bros. [United States]"
"194.","Baywatch","5.5","Action, Comedy, Crime","Devoted lifeguard Mitch Buchannon butts heads with a brash new recruit, as they uncover a criminal plot that threatens the future of the bay.","(2017)","116 min","157,782","R","Director: Seth Gordon | Stars: Dwayne Johnson, Zac Efron, Alexandra Daddario, Priyanka Chopra","25 May 2017 (USA)","Official Sites: Official Facebook | Official Site | See more »"
"195.","Pandora","4.1","Action, Drama, Sci-Fi","Set in the year 2199, a young woman who has lost everything finds a new life at Earth's Space Training Academy where she learns to defend the galaxy from intergalactic threats.","(2019– )","42 min","2,659","TV-PG","Stars: Priscilla Quintana, Oliver Dench, Ben Radcliffe, Noah Huntley","TV Series (2019– )","Country: USA"
"196.","Star Wars: Episode IV - A New Hope","8.6","Action, Adventure, Fantasy","Luke Skywalker joins forces with a Jedi Knight, a cocky pilot, a Wookiee and two droids to save the galaxy from the Empire's world-destroying battle station, while also attempting to rescue Princess Leia from the mysterious Darth Vader.","(1977)","121 min","1,212,711","PG","Director: George Lucas | Stars: Mark Hamill, Harrison Ford, Carrie Fisher, Alec Guinness","25 May 1977 (USA)","Official Sites: Official Facebook | Official Instagram | See more »"
"197.","Captain Marvel","6.9","Action, Adventure, Sci-Fi","Carol Danvers becomes one of the universe's most powerful heroes when Earth is caught in the middle of a galactic war between two alien races.","(2019)","123 min","428,451","PG-13","Directors: Anna Boden, Ryan Fleck | Stars: Brie Larson, Samuel L. Jackson, Ben Mendelsohn, Jude Law","8 March 2019 (USA)","Official Sites: Marvel [United States] | Official Facebook | See more »"
"198.","Spider-Man","7.3","Action, Adventure, Sci-Fi","When bitten by a genetically modified spider, a nerdy, shy, and awkward high school student gains spider-like abilities that he eventually must use to fight evil as a superhero after tragedy befalls his family.","(2002)","121 min","679,450","PG-13","Director: Sam Raimi | Stars: Tobey Maguire, Kirsten Dunst, Willem Dafoe, James Franco","3 May 2002 (USA)","Official Sites: Official Facebook | Sony Pictures [United States]"
"199.","Gods of Egypt","5.4","Action, Adventure, Fantasy","Mortal hero Bek teams with the god Horus in an alliance against Set, the merciless god of darkness, who has usurped Egypt's throne, plunging the once peaceful and prosperous empire into chaos and conflict.","(2016)","127 min","104,522","PG-13","Director: Alex Proyas | Stars: Brenton Thwaites, Nikolaj Coster-Waldau, Gerard Butler, Chadwick Boseman","26 February 2016 (USA)","Official Sites: Official Facebook | Official site | See more »"
"200.","Anna","6.6","Action, Thriller","Beneath Anna Poliatova's striking beauty lies a secret that will unleash her indelible strength and skill to become one of the world's most feared government assassins.","(II) (2019)","118 min","57,935","R","Director: Luc Besson | Stars: Sasha Luss, Helen Mirren, Luke Evans, Cillian Murphy","","Official Sites: Official Site | Official Site [Japan]"
"201.","Blindspot","7.4","Action, Crime, Drama","Jane Doe is found in Times Square with no memory and mysterious tattoos on her body.","(2015–2020)","42 min","65,633","TV-14","Stars: Sullivan Stapleton, Jaimie Alexander, Audrey Esparza, Ashley Johnson","TV Series (2015–2020)","Official Sites: Official site | Production site"
"202.","Alita: Battle Angel","7.3","Action, Adventure, Sci-Fi","A deactivated cyborg's revived, but can't remember anything of her past and goes on a quest to find out who she is.","(2019)","122 min","221,528","PG-13","Director: Robert Rodriguez | Stars: Rosa Salazar, Christoph Waltz, Jennifer Connelly, Mahershala Ali","14 February 2019 (USA)","Official Sites: Official Facebook | Official Instagram | See more »"
"203.","Dirilis: Ertugrul","7.9","Action, Adventure, Drama","The heroic story of Ertugrul Ghazi, the father of Osman (Uthman) who founded the Ottoman Empire.","(2014–2019)","120 min","26,016","TV-14","Stars: Engin Altan Düzyatan, Hülya Darcan, Cengiz Coskun, Nurettin Sönmez","TV Series (2014–2019)","Official Sites: Dirilis Ertugrul | Official Facebook | See more »"
"204.","Iron Man","7.9","Action, Adventure, Sci-Fi","After being held captive in an Afghan cave, billionaire engineer Tony Stark creates a unique weaponized suit of armor to fight evil.","(2008)","126 min","926,785","PG-13","Director: Jon Favreau | Stars: Robert Downey Jr., Gwyneth Paltrow, Terrence Howard, Jeff Bridges","2 May 2008 (USA)","Official Sites: Official Facebook | Official site | See more »"
"205.","The Terminator","8.0","Action, Sci-Fi","A human soldier is sent from 2029 to 1984 to stop an almost indestructible cyborg killing machine, sent from the same year, which has been programmed to execute a young woman whose unborn son is the key to humanity's future salvation.","(1984)","107 min","790,604","R","Director: James Cameron | Stars: Arnold Schwarzenegger, Linda Hamilton, Michael Biehn, Paul Winfield","","Official Sites: Official Facebook"
"206.","Logan","8.1","Action, Drama, Sci-Fi","In a future where mutants are nearly extinct, an elderly and weary Logan leads a quiet life. But when Laura, a mutant child pursued by scientists, comes to him for help, he must get her to safety.","(2017)","137 min","634,427","R","Director: James Mangold | Stars: Hugh Jackman, Patrick Stewart, Dafne Keen, Boyd Holbrook","3 March 2017 (USA)","Official Sites: Marvel [United States] | Official Facebook | See more »"
"207.","21 Bridges","6.6","Action, Crime, Thriller","An embattled NYPD detective is thrust into a citywide manhunt for a pair of cop killers after uncovering a massive and unexpected conspiracy.","(2019)","99 min","44,066","R","Director: Brian Kirk | Stars: Chadwick Boseman, Sienna Miller, J.K. Simmons, Stephan James","22 November 2019 (USA)","Official Sites: STXfilms [United States]"
"208.","John Wick","7.4","Action, Crime, Thriller","An ex-hit-man comes out of retirement to track down the gangsters that killed his dog and took everything from him.","(2014)","101 min","526,145","R","Directors: Chad Stahelski, David Leitch | Stars: Keanu Reeves, Michael Nyqvist, Alfie Allen, Willem Dafoe","24 October 2014 (USA)","Official Sites: Official Facebook | Official site | See more »"
"209.","Justice League","6.3","Action, Adventure, Fantasy","Fueled by his restored faith in humanity and inspired by Superman's selfless act, Bruce Wayne enlists the help of his new-found ally, Diana Prince, to face an even greater enemy.","(2017)","120 min","375,309","PG-13","Director: Zack Snyder | Stars: Ben Affleck, Gal Gadot, Jason Momoa, Ezra Miller","17 November 2017 (USA)","Official Sites: Official Facebook"
"210.","Avengers: Age of Ultron","7.3","Action, Adventure, Sci-Fi","When Tony Stark and Bruce Banner try to jump-start a dormant peacekeeping program called Ultron, things go horribly wrong and it's up to Earth's mightiest heroes to stop the villainous Ultron from enacting his terrible plan.","(2015)","141 min","728,802","PG-13","Director: Joss Whedon | Stars: Robert Downey Jr., Chris Evans, Mark Ruffalo, Chris Hemsworth","1 May 2015 (USA)","Official Sites: Marvel [United States] | Official Facebook | See more »"
"211.","Jessica Jones","7.9","Action, Crime, Drama","Following the tragic end of her brief superhero career, Jessica Jones tries to rebuild her life as a private investigator, dealing with cases involving people with remarkable abilities in New York City.","(2015–2019)","56 min","190,282","TV-MA","Stars: Krysten Ritter, Rachael Taylor, Eka Darville, Carrie-Anne Moss","TV Series (2015–2019)","Official Sites: Marvel [United States] | Official Facebook Page | See more »"
"212.","The Mummy","7.0","Action, Adventure, Fantasy","At an archaeological dig in the ancient city of Hamunaptra, an American serving in the French Foreign Legion accidentally awakens a mummy who begins to wreck havoc as he searches for the reincarnation of his long-lost love.","(1999)","124 min","386,375","PG-13","Director: Stephen Sommers | Stars: Brendan Fraser, Rachel Weisz, John Hannah, Arnold Vosloo","7 May 1999 (USA)","Official Sites: Official Facebook"
"213.","Cobra","5.9","Action, Drama","As widespread power outages cause chaos and threaten lives across the country, the COBRA committee comprised of the UK's leading experts and politicians, gathers to find a way to turn the lights back on.","(2020–2021)","","1,719","TV-14","Stars: Victoria Hamilton, Richard Dormer, David Haig, Lucy Cohu","","Official Sites: Sky"
"214.","Dawn of the Dead","7.3","Action, Horror","A nurse, a policeman, a young married couple, a salesman and other survivors of a worldwide plague that is producing aggressive, flesh-eating zombies, take refuge in a mega Midwestern shopping mall.","(2004)","101 min","232,047","R","Director: Zack Snyder | Stars: Sarah Polley, Ving Rhames, Mekhi Phifer, Jake Weber","","Official Sites: Official Facebook"
"215.","Ghostbusters","6.5","Action, Comedy, Fantasy","Following a ghost invasion of Manhattan, paranormal enthusiasts Erin Gilbert and Abby Yates, nuclear engineer Jillian Holtzmann, and subway worker Patty Tolan band together to stop the otherworldly threat.","(2016)","117 min","201,637","PG-13","Director: Paul Feig | Stars: Melissa McCarthy, Kristen Wiig, Kate McKinnon, Leslie Jones","15 July 2016 (USA)","Official Sites: Official Ghost from our past tie-in book website | Official Proton Pack tie-in website | See more »"
"216.","Chuck","8.2","Action, Comedy, Drama","When a twenty-something computer geek inadvertently downloads critical government secrets into his brain, the C.I.A. and the N.S.A. assign two agents to protect him and exploit such knowledge, turning his life upside down.","(2007–2012)","43 min","126,100","TV-14","Stars: Zachary Levi, Yvonne Strahovski, Joshua Gomez, Vik Sahay","TV Series (2007–2012)","Official Sites: NBC [United States] | SCI-FI Channel"
"217.","Hunter x Hunter","8.9","Animation, Action, Adventure","Gon Freecss aspires to become a Hunter, an exceptional being capable of greatness. With his friends and his potential, he seeks for his father who left him when he was younger.","(2011–2014)","24 min","49,928","TV-14","Stars: Issei Futamata, Megumi Han, Cristina Valenzuela, Mariya Ise","TV Series (2011–2014)","Official Sites: Official site [Japan]"
"218.","#Alive","6.2","Action, Drama, Horror","The rapid spread of an unknown infection has left an entire city in ungovernable chaos, but one survivor remains alive in isolation. It is his story.","(2020)","98 min","19,424","TV-MA","Director: Il Cho | Stars: Ah-In Yoo, Shin-Hye Park, Bae-soo Jeon, Hyun-Wook Lee","8 September 2020 (USA)","Official Sites: Official Facebook | Official site - Perspective Pictures | See more »"
"219.","Star Trek: Lower Decks","6.5","Animation, Action, Adventure","The support crew serving on one of Starfleet's least important ships, the U.S.S. Cerritos, have to keep up with their duties, often while the ship is being rocked by a multitude of sci-fi anomalies.","(2020– )","","4,842","TV-MA","Stars: Tawny Newsome, Jack Quaid, Noël Wells, Eugene Cordero","TV Series (2020– )","Country: USA"
"220.","300","7.6","Action, Drama","King Leonidas of Sparta and a force of 300 men fight the Persians at Thermopylae in 480 B.C.","(2006)","117 min","725,783","R","Director: Zack Snyder | Stars: Gerard Butler, Lena Headey, David Wenham, Dominic West","","Official Sites: Official Facebook"
"221.","The Lord of the Rings: The Two Towers","8.7","Action, Adventure, Drama","While Frodo and Sam edge closer to Mordor with the help of the shifty Gollum, the divided fellowship makes a stand against Sauron's new ally, Saruman, and his hordes of Isengard.","(2002)","179 min","1,461,396","PG-13","Director: Peter Jackson | Stars: Elijah Wood, Ian McKellen, Viggo Mortensen, Orlando Bloom","18 December 2002 (USA)","Official Sites: New Line Cinema | Official Facebook | See more »"
"222.","Batman v Superman: Dawn of Justice","6.4","Action, Adventure, Sci-Fi","Fearing that the actions of Superman are left unchecked, Batman takes on the Man of Steel, while the world wrestles with what kind of a hero it really needs.","(2016)","152 min","616,471","PG-13","Director: Zack Snyder | Stars: Ben Affleck, Henry Cavill, Amy Adams, Jesse Eisenberg","25 March 2016 (USA)","Official Sites: Official Facebook | Official Facebook [Japan] | See more »"
"223.","Zombieland: Double Tap","6.7","Action, Adventure, Comedy","Columbus, Tallahassee, Wichita, and Little Rock move to the American heartland as they face off against evolved zombies, fellow survivors, and the growing pains of the snarky makeshift family.","(2019)","99 min","131,715","R","Director: Ruben Fleischer | Stars: Woody Harrelson, Jesse Eisenberg, Emma Stone, Abigail Breslin","18 October 2019 (USA)","Official Sites: Official Facebook | Official Instagram | See more »"
"224.","Star Trek","7.9","Action, Adventure, Sci-Fi","The brash James T. Kirk tries to live up to his father's legacy with Mr. Spock keeping him in check as a vengeful Romulan from the future creates black holes to destroy the Federation one planet at a time.","(2009)","127 min","573,589","PG-13","Director: J.J. Abrams | Stars: Chris Pine, Zachary Quinto, Simon Pegg, Leonard Nimoy","8 May 2009 (USA)","Official Sites: Official Facebook"
"225.","Skyfall","7.7","Action, Adventure, Thriller","James Bond's loyalty to M is tested when her past comes back to haunt her. When MI6 comes under attack, 007 must track down and destroy the threat, no matter how personal the cost.","(2012)","143 min","623,721","PG-13","Director: Sam Mendes | Stars: Daniel Craig, Javier Bardem, Naomie Harris, Judi Dench","9 November 2012 (USA)","Official Sites: 20th Century Fox [United States] | MGM [United States] | See more »"
"226.","Captain America: The First Avenger","6.9","Action, Adventure, Sci-Fi","Steve Rogers, a rejected military soldier, transforms into Captain America after taking a dose of a ""Super-Soldier serum"". But being Captain America comes at a price as he attempts to take down a war monger and a terrorist organization.","(2011)","124 min","728,883","PG-13","Director: Joe Johnston | Stars: Chris Evans, Hugo Weaving, Samuel L. Jackson, Hayley Atwell","22 July 2011 (USA)","Official Sites: hotstar | Official Facebook | See more »"
"227.","WandaVision","","Action, Adventure, Comedy","TV-Series Spinoff from the Marvel Cinematic Universe. Containing the characters Scarlet Witch/Wanda Maximoff and The Vision. Plot is unknown at the time.","(2020– )","","","","Stars: Paul Bettany, Kat Dennings, Kathryn Hahn, Elizabeth Olsen","TV Mini-Series (2020– )","Official Sites: Official site"
"228.","Atomic Blonde","6.7","Action, Thriller","An undercover MI6 agent is sent to Berlin during the Cold War to investigate the murder of a fellow agent and recover a missing list of double agents.","(2017)","115 min","172,851","R","Director: David Leitch | Stars: Charlize Theron, James McAvoy, John Goodman, Eddie Marsan","","Official Sites: Official Facebook | Official Site | See more »"
"229.","Star Wars: Episode I - The Phantom Menace","6.5","Action, Adventure, Fantasy","Two Jedi escape a hostile blockade to find allies and come across a young boy who may bring balance to the Force, but the long dormant Sith resurface to claim their original glory.","(1999)","136 min","718,195","PG","Director: George Lucas | Stars: Ewan McGregor, Liam Neeson, Natalie Portman, Jake Lloyd","19 May 1999 (USA)","Official Sites: Official Facebook | Official site"
"230.","Hanna","7.5","Action, Drama","In equal parts high-concept thriller and coming-of-age drama, HANNA follows the journey of an extraordinary young girl raised in the forest, as she evades the relentless pursuit of an off-book CIA agent and tries to unearth the truth behind who she is.","(2019– )","60 min","24,444","TV-MA","Stars: Esme Creed-Miles, Mireille Enos, Joel Kinnaman, Yasmin Monet Prince","","Country: USA"
"231.","Fast & Furious Presents: Hobbs & Shaw","6.4","Action, Adventure, Thriller","Lawman Luke Hobbs (Dwayne ""The Rock"" Johnson) and outcast Deckard Shaw (Jason Statham) form an unlikely alliance when a cyber-genetically enhanced villain threatens the future of humanity.","(2019)","137 min","161,510","PG-13","Director: David Leitch | Stars: Dwayne Johnson, Jason Statham, Idris Elba, Vanessa Kirby","2 August 2019 (USA)","Official Sites: Official Facebook | Official Site | See more »"
"232.","Ghostbusters II","6.6","Action, Comedy, Fantasy","The discovery of a massive river of ectoplasm and a resurgence of spectral activity allows the staff of Ghostbusters to revive the business.","(1989)","108 min","180,754","PG","Director: Ivan Reitman | Stars: Bill Murray, Dan Aykroyd, Sigourney Weaver, Harold Ramis","16 June 1989 (USA)","Country: USA"
"233.","Guardians of the Galaxy Vol. 2","7.6","Action, Adventure, Comedy","The Guardians struggle to keep together as a team while dealing with their personal family issues, notably Star-Lord's encounter with his father the ambitious celestial being Ego.","(2017)","136 min","556,872","PG-13","Director: James Gunn | Stars: Chris Pratt, Zoe Saldana, Dave Bautista, Vin Diesel","5 May 2017 (USA)","Official Sites: Instagram | Marvel [United States] | See more »"
"234.","Sonic the Hedgehog","6.5","Action, Adventure, Comedy","After discovering a small, blue, fast hedgehog, a small-town police officer must help him defeat an evil genius who wants to do experiments on him.","(2020)","99 min","78,735","PG","Director: Jeff Fowler | Stars: Ben Schwartz, James Marsden, Jim Carrey, Tika Sumpter","14 February 2020 (USA)","Official Sites: Official Facebook | Official Site | See more »"
"235.","The Avengers","8.0","Action, Adventure, Sci-Fi","Earth's mightiest heroes must come together and learn to fight as a team if they are going to stop the mischievous Loki and his alien army from enslaving humanity.","(2012)","143 min","1,247,656","PG-13","Director: Joss Whedon | Stars: Robert Downey Jr., Chris Evans, Scarlett Johansson, Jeremy Renner","4 May 2012 (USA)","Official Sites: Official Facebook | Official site | See more »"
"236.","DuckTales","8.2","Animation, Action, Adventure","The comedy-adventure series chronicles the high-flying adventures of trillionaire Scrooge McDuck, his grandnephews - Huey, Dewey, and Louie - and temperamental nephew Donald Duck, Launchpad McQuack, Mrs. Beakley, and her granddaughter Webby.","(2017– )","21 min","5,881","TV-Y","Stars: David Tennant, Ben Schwartz, Danny Pudi, Bobby Moynihan","TV Series (2017– )","Official Sites: Official England channel site | Official Facebook | See more »"
"237.","Hot Fuzz","7.8","Action, Comedy, Mystery","A skilled London police officer is transferred to a small town with a dark secret.","(2007)","121 min","457,537","R","Director: Edgar Wright | Stars: Simon Pegg, Nick Frost, Martin Freeman, Bill Nighy","20 April 2007 (USA)","Official Sites: Official Facebook | Working Title Films [UK]"
"238.","Jurassic World: Fallen Kingdom","6.2","Action, Adventure, Sci-Fi","When the island's dormant volcano begins roaring to life, Owen and Claire mount a campaign to rescue the remaining dinosaurs from this extinction-level event.","(2018)","128 min","260,140","PG-13","Director: J.A. Bayona | Stars: Chris Pratt, Bryce Dallas Howard, Rafe Spall, Justice Smith","22 June 2018 (USA)","Official Sites: Official Site | Official Site [France] | See more »"
"239.","Kipo and the Age of Wonderbeasts","8.4","Animation, Action, Adventure","A girl explores the possibilities in a post-apocalyptic world.","(2020)","24 min","2,645","TV-Y7","Stars: Karen Fukuhara, Sydney Mikayla, Dee Bradley Baker, Deon Cole","TV Series (2020)","Official Sites: DreamWorks Animation"
"240.","The Falcon and the Winter Soldier","","Action, Adventure, Drama","TV series centering on Marvel Cinematic Universe characters Falcon and The Winter Soldier.","(2021– )","60 min","","","Stars: Daniel Brühl, Desmond Chiam, John Gettier, Miki Ishikawa","TV Mini-Series (2021– )","Official Sites: Official site"
"241.","X-Men","7.4","Action, Adventure, Sci-Fi","In a world where mutants (evolved super-powered humans) exist and are discriminated against, two groups form for an inevitable clash: the supremacist Brotherhood, and the pacifist X-Men.","(2000)","104 min","564,969","PG-13","Director: Bryan Singer | Stars: Patrick Stewart, Hugh Jackman, Ian McKellen, Famke Janssen","14 July 2000 (USA)","Official Sites: Official Facebook | Official site"
"242.","Maleficent","7.0","Action, Adventure, Family","A vengeful fairy is driven to curse an infant princess, only to discover that the child may be the one person who can restore peace to their troubled land.","(2014)","97 min","339,740","PG","Director: Robert Stromberg | Stars: Angelina Jolie, Elle Fanning, Sharlto Copley, Lesley Manville","30 May 2014 (USA)","Official Sites: Official Facebook | Official site | See more »"
"243.","Alias","7.6","Action, Drama, Mystery","Sydney Bristow (Jennifer Garner) is an international spy recruited out of college, trained for espionage and self-defense.","(2001–2006)","42 min","44,749","TV-14","Stars: Jennifer Garner, Ron Rifkin, Carl Lumbly, Kevin Weisman","TV Series (2001–2006)","Country: USA"
"244.","Primal","8.7","Animation, Action, Adventure","Primal features a caveman at the dawn of evolution. A dinosaur on the brink of extinction. Bonded by tragedy, this unlikely friendship becomes the only hope of survival in a violent, primordial world.","(2019– )","22 min","4,709","TV-MA","Stars: Aaron LaPlante, Tom Kenny, Jon Olson, Amanda Troop","TV Series (2019– )","Country: USA"
"245.","Shazam!","7.1","Action, Adventure, Comedy","A newly fostered young boy in search of his mother instead finds unexpected super powers and soon gains a powerful enemy.","(2019)","132 min","245,375","PG-13","Director: David F. Sandberg | Stars: Zachary Levi, Mark Strong, Asher Angel, Jack Dylan Grazer","5 April 2019 (USA)","Official Sites: Official Facebook | Official Site | See more »"
"246.","Pirates of the Caribbean: Dead Men Tell No Tales","6.6","Action, Adventure, Fantasy","Captain Jack Sparrow is pursued by old rival Captain Salazar and a crew of deadly ghosts who have escaped from the Devil's Triangle. They're determined to kill every pirate at sea...notably Jack.","(2017)","129 min","257,485","PG-13","Directors: Joachim Rønning, Espen Sandberg | Stars: Johnny Depp, Geoffrey Rush, Javier Bardem, Orlando Bloom","26 May 2017 (USA)","Official Sites: Official Movie Facebook Page | Official Site | See more »"
"247.","Terminator 2: Judgment Day","8.5","Action, Sci-Fi","A cyborg, identical to the one who failed to kill Sarah Connor, must now protect her teenage son, John Connor, from a more advanced and powerful cyborg.","(1991)","137 min","982,318","R","Director: James Cameron | Stars: Arnold Schwarzenegger, Linda Hamilton, Edward Furlong, Robert Patrick","","Official Sites: Official Facebook | Official site (3D re-release) | See more »"
"248.","The Brothers Grimsby","6.2","Action, Adventure, Comedy","A new assignment forces a top spy to team up with his football hooligan brother.","(2016)","83 min","91,298","R","Director: Louis Leterrier | Stars: Sacha Baron Cohen, Mark Strong, Rebel Wilson, Freddie Crowder","11 March 2016 (USA)","Official Sites: Official Facebook | Official Site [United States] | See more »"
"249.","Man of Steel","7.0","Action, Adventure, Sci-Fi","An alien child is evacuated from his dying world and sent to Earth to live among humans. His peace is threatened, when other survivors of his home planet invade Earth.","(2013)","143 min","682,652","PG-13","Director: Zack Snyder | Stars: Henry Cavill, Amy Adams, Michael Shannon, Diane Lane","14 June 2013 (USA)","Official Sites: Official Facebook | Official Facebook [Brazil] | See more »"
"250.","Snowpiercer","7.1","Action, Drama, Sci-Fi","In a future where a failed climate-change experiment has killed all life except for the lucky few who boarded the Snowpiercer, a train that travels around the globe, a new class system emerges.","(2013)","126 min","311,550","R","Director: Bong Joon Ho | Stars: Chris Evans, Jamie Bell, Tilda Swinton, Ed Harris","11 July 2014 (USA)","Official Sites: Official site"
"251.","Naruto: Shippûden","8.6","Animation, Action, Adventure","Naruto Uzumaki, is a loud, hyperactive, adolescent ninja who constantly searches for approval and recognition, as well as to become Hokage, who is acknowledged as the leader and strongest of all ninja in the village.","(2007–2017)","24 min","77,556","TV-PG","Stars: Junko Takeuchi, Maile Flanagan, Kate Higgins, Chie Nakamura","TV Series (2007–2017)","Official Sites: Official site | Official Site in US"
"252.","Van Helsing","6.1","Action, Adventure, Fantasy","The famed monster hunter is sent to Transylvania to stop Count Dracula, who is using Dr. Frankenstein's research and a werewolf for nefarious purposes.","(2004)","131 min","241,919","PG-13","Director: Stephen Sommers | Stars: Hugh Jackman, Kate Beckinsale, Richard Roxburgh, Shuler Hensley","7 May 2004 (USA)","Official Sites: Van Helsing Official site"
"253.","Batman: The Killing Joke","6.4","Animation, Action, Crime","As Batman hunts for the escaped Joker, the Clown Prince of Crime attacks the Gordon family to prove a diabolical point mirroring his own fall into madness.","(2016)","76 min","48,603","R","Director: Sam Liu | Stars: Kevin Conroy, Mark Hamill, Tara Strong, Ray Wise","25 July 2016 (USA)","Country: USA"
"254.","MacGyver","5.3","Action, Adventure, Drama","Young Angus ""Mac"" MacGyver works for a clandestine organization within the U.S. government, relying on his unconventional problem-solving skills to save lives.","(2016– )","43 min","16,432","TV-14","Stars: Lucas Till, Tristin Mays, Justin Hires, Meredith Eaton","TV Series (2016– )","Official Sites: Official site"
"255.","9-1-1: Lone Star","6.5","Action, Drama, Thriller","A New York firefighter relocates to Austin, Texas with his son, where he works to save people's lives while trying to solve his own personal problems.","(2020– )","43 min","5,364","TV-14","Stars: Rob Lowe, Ronen Rubinstein, Sierra Aylina McClain, Jim Parrack","TV Series (2020– )","Official Sites: Official Facebook | Official site | See more »"
"256.","Transformers","7.0","Action, Adventure, Sci-Fi","An ancient struggle between two Cybertronian races, the heroic Autobots and the evil Decepticons, comes to Earth, with a clue to the ultimate power held by a teenager.","(2007)","144 min","591,569","PG-13","Director: Michael Bay | Stars: Shia LaBeouf, Megan Fox, Josh Duhamel, Tyrese Gibson","3 July 2007 (USA)","Official Sites: Official Facebook | Paramount [United States]"
"257.","Condor","7.8","Action, Drama, Thriller","A brilliant, young, idealistic CIA analyst finds himself in the middle of a conspiracy that kills everyone else at his office. Can he, with no field experience, stay alive long enough to get to the bottom of it?","(2018– )","60 min","10,054","TV-MA","Stars: Max Irons, Kristen Hager, Bob Balaban, Sam McCarthy","TV Series (2018– )","Country: USA"
"258.","The Hunger Games: Catching Fire","7.5","Action, Adventure, Mystery","Katniss Everdeen and Peeta Mellark become targets of the Capitol after their victory in the 74th Hunger Games sparks a rebellion in the Districts of Panem.","(2013)","146 min","606,940","PG-13","Director: Francis Lawrence | Stars: Jennifer Lawrence, Josh Hutcherson, Liam Hemsworth, Philip Seymour Hoffman","22 November 2013 (USA)","Official Sites: Centralmovies | Kinotab.com | See more »"
"259.","Warrior Nun","6.9","Action, Drama, Fantasy","After waking up in a morgue, an orphaned teen discovers she now possesses superpowers as the chosen Halo Bearer for a secret sect of demon-hunting nuns.","(2020– )","","18,508","TV-MA","Stars: Alba Baptista, Toya Turner, Kristina Tonteri-Young, Lorena Andrea","TV Series (2020– )","Country: USA"
"260.","Wonder Woman","7.4","Action, Adventure, Fantasy","When a pilot crashes and tells of conflict in the outside world, Diana, an Amazonian warrior in training, leaves home to fight a war, discovering her full powers and true destiny.","(2017)","141 min","540,793","PG-13","Director: Patty Jenkins | Stars: Gal Gadot, Chris Pine, Robin Wright, Lucy Davis","2 June 2017 (USA)","Official Sites: Official Facebook | Official Instagram | See more »"
"261.","Shadowhunters","6.6","Action, Drama, Fantasy","After her mother disappears, Clary must venture into the dark world of demon hunting, and embrace her new role among the Shadowhunters.","(2016–2019)","42 min","51,524","TV-14","Stars: Katherine McNamara, Dominic Sherwood, Alberto Rosende, Matthew Daddario","TV Series (2016–2019)","Official Sites: Official Facebook | Official Freeform Site | See more »"
"262.","The Revenant","8.0","Action, Adventure, Drama","A frontiersman on a fur trading expedition in the 1820s fights for survival after being mauled by a bear and left for dead by members of his own hunting team.","(2015)","156 min","691,372","R","Director: Alejandro G. Iñárritu | Stars: Leonardo DiCaprio, Tom Hardy, Will Poulter, Domhnall Gleeson","8 January 2016 (USA)","Official Sites: Official Facebook | Official Site | See more »"
"263.","Kingsman: The Secret Service","7.7","Action, Adventure, Comedy","A spy organisation recruits a promising street kid into the agency's training program, while a global threat emerges from a twisted tech genius.","(2014)","129 min","583,292","R","Director: Matthew Vaughn | Stars: Colin Firth, Taron Egerton, Samuel L. Jackson, Michael Caine","13 February 2015 (USA)","Official Sites: Official Facebook | Official Site | See more »"
"264.","Rogue One: A Star Wars Story","7.8","Action, Adventure, Sci-Fi","The daughter of an Imperial scientist joins the Rebel Alliance in a risky move to steal the plans for the Death Star.","(2016)","133 min","543,391","PG-13","Director: Gareth Edwards | Stars: Felicity Jones, Diego Luna, Alan Tudyk, Donnie Yen","16 December 2016 (USA)","Official Sites: Official Site | Official Site [France]"
"265.","The Karate Kid Part III","5.2","Action, Drama, Family","Ostracised villain John Kreese attempts to gain revenge on Daniel and Miyagi, with the help of a Vietnam War comrade, the wealthy owner of a toxic waste disposal business.","(1989)","112 min","50,439","PG","Director: John G. Avildsen | Stars: Ralph Macchio, Pat Morita, Robyn Lively, Thomas Ian Griffith","30 June 1989 (USA)","Country: USA"
"266.","Pride and Prejudice and Zombies","5.8","Action, Comedy, Fantasy","Five sisters in 19th century England must cope with the pressures to marry while protecting themselves from a growing population of zombies.","(2016)","108 min","50,792","PG-13","Director: Burr Steers | Stars: Lily James, Sam Riley, Jack Huston, Bella Heathcote","5 February 2016 (USA)","Official Sites: Official Facebook | Official Facebook | See more »"
"267.","Kick-Ass","7.6","Action, Comedy, Crime","Dave Lizewski is an unnoticed high school student and comic book fan who one day decides to become a superhero, even though he has no powers, training or meaningful reason to do so.","(2010)","117 min","520,170","R","Director: Matthew Vaughn | Stars: Aaron Taylor-Johnson, Nicolas Cage, Chloë Grace Moretz, Garrett M. Brown","16 April 2010 (USA)","Official Sites: Lionsgate [United States] | Official Facebook"
"268.","Mission: Impossible - Rogue Nation","7.4","Action, Adventure, Thriller","Ethan and his team take on their most impossible mission yet when they have to eradicate an international rogue organization as highly skilled as they are and committed to destroying the IMF.","(2015)","131 min","337,215","PG-13","Director: Christopher McQuarrie | Stars: Tom Cruise, Rebecca Ferguson, Jeremy Renner, Simon Pegg","31 July 2015 (USA)","Official Sites: Official site | Official site [Brazil] | See more »"
"269.","One Piece","8.7","Animation, Action, Adventure","Follows the adventures of Monkey D. Luffy and his pirate crew in order to find the greatest treasure ever left by the legendary Pirate, Gold Roger. The famous mystery treasure named ""One Piece"".","(1999– )","24 min","63,337","TV-14","Stars: Mayumi Tanaka, Tony Beck, Laurent Vernin, Akemi Okamura","TV Series (1999– )","Official Sites: Official site"
"270.","Fauda","8.2","Action, Drama, Thriller","The human stories on both sides of the Israel-Palestine conflict.","(2015– )","60 min","17,485","TV-MA","Stars: Lior Raz, Itzik Cohen, Neta Garty, Rona-Lee Shim'on","TV Series (2015– )","Official Sites: facebook page"
"271.","Thor: Love and Thunder","","Action, Adventure, Fantasy","The sequel to Thor: Ragnarok and the fourth movie in the Thor saga.","(2022)","","","","Director: Taika Waititi | Stars: Taika Waititi, Natalie Portman, Christian Bale, Chris Hemsworth","11 February 2022 (USA)","Country: USA"
"272.","MI-5","8.2","Action, Crime, Drama","The missions of MI-5, the UK's domestic intelligence organization.","(2002–2011)","60 min","14,284","TV-14","Stars: Peter Firth, Hugh Simon, Nicola Walker, Rupert Penry-Jones","TV Series (2002–2011)","Official Sites: BBC website"
"273.","Transformers: The Last Knight","5.2","Action, Adventure, Sci-Fi","A deadly threat from Earth's history reappears and a hunt for a lost artifact takes place between Autobots and Decepticons, while Optimus Prime encounters his creator in space.","(2017)","154 min","133,287","PG-13","Director: Michael Bay | Stars: Mark Wahlberg, Anthony Hopkins, Josh Duhamel, Laura Haddock","21 June 2017 (USA)","Official Sites: Official Facebook | Official Instagram | See more »"
"274.","The Meg","5.6","Action, Horror, Sci-Fi","A group of scientists exploring the Marianas Trench encounter the largest marine predator that has ever existed - the Megalodon.","(2018)","113 min","146,167","PG-13","Director: Jon Turteltaub | Stars: Jason Statham, Bingbing Li, Rainn Wilson, Cliff Curtis","10 August 2018 (USA)","Official Sites: Facebook | Official Site"
"275.","John Wick: Chapter 3 - Parabellum","7.4","Action, Crime, Thriller","John Wick is on the run after killing a member of the international assassins' guild, and with a $14 million price tag on his head, he is the target of hit men and women everywhere.","(2019)","130 min","263,834","R","Director: Chad Stahelski | Stars: Keanu Reeves, Halle Berry, Ian McShane, Laurence Fishburne","17 May 2019 (USA)","Official Sites: Official Facebook | Official Site | See more »"
"276.","The Crow","7.6","Action, Drama, Fantasy","A man brutally murdered comes back to life as an undead avenger of his and his fiancée's murder.","(1994)","102 min","164,718","R","Director: Alex Proyas | Stars: Brandon Lee, Michael Wincott, Rochelle Davis, Ernie Hudson","13 May 1994 (USA)","Official Sites: Official Facebook | Official site"
"277.","Oldboy","8.4","Action, Drama, Mystery","After being kidnapped and imprisoned for fifteen years, Oh Dae-Su is released, only to find that he must find his captor in five days.","(2003)","120 min","505,952","R","Director: Chan-wook Park | Stars: Min-sik Choi, Ji-Tae Yoo, Hye-jeong Kang, Byeong-ok Kim","21 November 2003 (South Korea)","Official Sites: Official site [Russia]"
"278.","El Camino: A Breaking Bad Movie","7.3","Action, Crime, Drama","Fugitive Jesse Pinkman runs from his captors, the law, and his past.","(2019)","122 min","176,355","TV-MA","Director: Vince Gilligan | Stars: Aaron Paul, Jonathan Banks, Matt Jones, Charles Baker","11 October 2019 (USA)","Official Sites: Netflix (hu) | Official Facebook (Breaking Bad) | See more »"
"279.","Batman","7.5","Action, Adventure","The Dark Knight of Gotham City begins his war on crime with his first major enemy being Jack Napier, a criminal who becomes the clownishly homicidal Joker.","(1989)","126 min","334,546","PG-13","Director: Tim Burton | Stars: Michael Keaton, Jack Nicholson, Kim Basinger, Robert Wuhl","","Official Sites: Official Facebook"
"280.","Sicario","7.6","Action, Crime, Drama","An idealistic FBI agent is enlisted by a government task force to aid in the escalating war against drugs at the border area between the U.S. and Mexico.","(2015)","121 min","364,563","R","Director: Denis Villeneuve | Stars: Emily Blunt, Josh Brolin, Benicio Del Toro, Jon Bernthal","2 October 2015 (USA)","Official Sites: Official Facebook | Official Instagram | See more »"
"281.","Deep Impact","6.2","Action, Drama, Romance","A comet is discovered to be on a collision course with Earth. As doomsday nears, the human race prepares for the worst.","(1998)","120 min","162,390","PG-13","Director: Mimi Leder | Stars: Robert Duvall, Téa Leoni, Elijah Wood, Morgan Freeman","8 May 1998 (USA)","Country: USA"
"282.","Resident Evil","6.7","Action, Horror, Sci-Fi","A special military unit fights a powerful, out-of-control supercomputer and hundreds of scientists who have mutated into flesh-eating creatures after a laboratory accident.","(2002)","100 min","244,986","R","Director: Paul W.S. Anderson | Stars: Milla Jovovich, Michelle Rodriguez, Ryan McCluskey, Oscar Pearce","15 March 2002 (USA)","Official Sites: Official Facebook | Sony Pictures [United States]"
"283.","Mandy","6.5","Action, Mystery, Thriller","The enchanted lives of a couple in a secluded forest are brutally shattered by a nightmarish hippie cult and their demon-biker henchmen, propelling a man into a spiraling, surreal rampage of vengeance.","(I) (2018)","121 min","61,427","Not Rated","Director: Panos Cosmatos | Stars: Nicolas Cage, Andrea Riseborough, Linus Roache, Ned Dennehy","14 September 2018 (USA)","Official Sites: Official Facebook | Official site | See more »"
"284.","Blade","7.1","Action, Horror, Sci-Fi","A half-vampire, half-mortal man becomes a protector of the mortal race, while slaying evil vampires.","(1998)","120 min","242,049","R","Director: Stephen Norrington | Stars: Wesley Snipes, Stephen Dorff, Kris Kristofferson, N'Bushe Wright","21 August 1998 (USA)","Official Sites: Official Facebook"
"285.","Thor","7.0","Action, Adventure, Fantasy","The powerful but arrogant god Thor is cast out of Asgard to live amongst humans in Midgard (Earth), where he soon becomes one of their finest defenders.","(2011)","115 min","736,231","PG-13","Director: Kenneth Branagh | Stars: Chris Hemsworth, Anthony Hopkins, Natalie Portman, Tom Hiddleston","6 May 2011 (USA)","Official Sites: Marvel [United States] | Official Facebook"
"286.","Fatman","7.4","Action, Comedy, Fantasy","Santa Claus must contend with a hitman sent from a disappointed child.","(2020)","100 min","56","R","Directors: Eshom Nelms, Ian Nelms | Stars: Walton Goggins, Mel Gibson, Marianne Jean-Baptiste, Shaun Benson","17 November 2020 (USA)","Country: UK | Canada | USA"
"287.","The Next Three Days","7.4","Action, Crime, Drama","A married couple's life is turned upside down when the wife is accused of a murder.","(2010)","133 min","180,206","PG-13","Director: Paul Haggis | Stars: Russell Crowe, Elizabeth Banks, Liam Neeson, Michael Buie","19 November 2010 (USA)","Official Sites: Official Facebook"
"288.","Wanted","7.7","Action, Crime, Drama","Two strangers are prime suspects in a murder.","(2016– )","60 min","4,197","TV-14","Stars: Rebecca Gibney, Geraldine Hakewill, Anthony Phelan, Nicholas Bell","TV Series (2016– )","Country: Australia"
"289.","Sacred Games","8.7","Action, Crime, Drama","A link in their pasts leads an honest cop to a fugitive gang boss, whose cryptic warning spurs the officer on a quest to save Mumbai from cataclysm.","(2018– )","50 min","71,937","TV-MA","Stars: Saif Ali Khan, Nawazuddin Siddiqui, Neeraj Kabi, Elnaaz Norouzi","TV Series (2018– )","Official Sites: Facebook | Instagram | See more »"
"290.","Outer Banks","7.6","Action, Crime, Drama","A group of teenagers from the wrong side of the tracks stumble upon a treasure map that unearths a long buried secret.","(2020– )","50 min","16,304","TV-MA","Stars: Chase Stokes, Madelyn Cline, Madison Bailey, Jonathan Daviss","TV Series (2020– )","Official Sites: Official Netflix"
"291.","Station 19","6.6","Action, Drama, Romance","This spinoff of the critically acclaimed show Grey's Anatomy follows the lives of the men and women of firehouse station 19 in Seattle, Washington.","(2018– )","60 min","7,431","TV-14","Stars: Jaina Lee Ortiz, Jason George, Grey Damon, Barrett Doss","TV Series (2018– )","Official Sites: Official site"
"292.","Jumanji: Welcome to the Jungle","6.9","Action, Adventure, Comedy","Four teenagers are sucked into a magical video game, and the only way they can escape is to work together to finish the game.","(2017)","119 min","312,423","PG-13","Director: Jake Kasdan | Stars: Dwayne Johnson, Karen Gillan, Kevin Hart, Jack Black","20 December 2017 (USA)","Official Sites: Official Facebook | Official Site [United States]"
"293.","Memories of Murder","8.1","Action, Crime, Drama","In a small Korean province in 1986, two detectives struggle with the case of multiple young women being found raped and murdered by an unknown culprit.","(2003)","132 min","132,139","Not Rated","Director: Bong Joon Ho | Stars: Kang-ho Song, Sang-kyung Kim, Roe-ha Kim, Jae-ho Song","2 May 2003 (South Korea)","Official Sites: Official site"
"294.","Lucy","6.4","Action, Sci-Fi, Thriller","A woman, accidentally caught in a dark deal, turns the tables on her captors and transforms into a merciless warrior evolved beyond human logic.","(I) (2014)","89 min","438,422","R","Director: Luc Besson | Stars: Scarlett Johansson, Morgan Freeman, Min-sik Choi, Amr Waked","25 July 2014 (USA)","Official Sites: Official Facebook | Official Tumblr [United States] | See more »"
"295.","Barry","8.3","Action, Comedy, Crime","A hit man from the Midwest moves to Los Angeles and gets caught up in the city's theatre arts scene.","(2018– )","30 min","42,523","TV-MA","Stars: Bill Hader, Stephen Root, Sarah Goldberg, Anthony Carrigan","TV Series (2018– )","Country: USA"
"296.","Harley Quinn","8.5","Animation, Action, Adventure","The series focuses on a single Harley Quinn, who sets off to make it on her own in Gotham City.","(2019– )","23 min","11,256","TV-MA","Stars: Kaley Cuoco, Lake Bell, Alan Tudyk, Ron Funches","TV Series (2019– )","Country: USA"
"297.","Orphan Black","8.3","Action, Drama, Sci-Fi","A streetwise hustler is pulled into a compelling conspiracy after witnessing the suicide of a girl who looks just like her.","(2013–2017)","44 min","99,625","TV-MA","Stars: Tatiana Maslany, Dylan Bruce, Jordan Gavaris, Kevin Hanchard","TV Series (2013–2017)","Official Sites: BBC America [United States] | Official Facebook | See more »"
"298.","A Knight's Tale","6.9","Action, Adventure, Romance","After his master dies, a peasant squire, fueled by his desire for food and glory, creates a new identity for himself as a knight.","(2001)","132 min","169,441","PG-13","Director: Brian Helgeland | Stars: Heath Ledger, Mark Addy, Rufus Sewell, Shannyn Sossamon","11 May 2001 (USA)","Country: USA"
"299.","Edge of Tomorrow","7.9","Action, Adventure, Sci-Fi","A soldier fighting aliens gets to relive the same day over and over again, the day restarting every time he dies.","(2014)","113 min","590,734","PG-13","Director: Doug Liman | Stars: Tom Cruise, Emily Blunt, Bill Paxton, Brendan Gleeson","6 June 2014 (USA)","Official Sites: -Director Doug Liman in Official Movie Interview | Official Facebook | See more »"
"300.","Murder Mystery","6.0","Action, Comedy, Crime","A New York cop and his wife go on a European vacation to reinvigorate the spark in their marriage, but end up getting framed and on the run for the death of an elderly billionaire.","(2019)","97 min","98,124","PG-13","Director: Kyle Newacheck | Stars: Adam Sandler, Jennifer Aniston, Luke Evans, Terence Stamp","14 June 2019 (USA)","Country: USA"
"301.","Stargirl","7.3","Action, Adventure, Crime","Teenager Courtney Whitmore joins the Justice Society of America. Based on the character from DC Comics.","(2020– )","45 min","8,155","TV-PG","Stars: Brec Bassinger, Yvette Monreal, Anjelika Washington, Trae Romano","TV Series (2020– )","Official Sites: DC Universe Streaming Service | Official Facebook | See more »"
"302.","Unbroken","7.2","Action, Biography, Drama","After a near-fatal plane crash in WWII, Olympian Louis Zamperini spends a harrowing 47 days in a raft with two fellow crewmen before he's caught by the Japanese navy and sent to a prisoner-of-war camp.","(I) (2014)","137 min","145,893","PG-13","Director: Angelina Jolie | Stars: Jack O'Connell, Miyavi, Domhnall Gleeson, Garrett Hedlund","25 December 2014 (USA)","Official Sites: Official Facebook | Official site | See more »"
"303.","Star Wars Rebels","8.0","Animation, Action, Adventure","A brave and clever ragtag starship crew stands up against the evil Empire as it tightens its grip on the galaxy and hunts down the last of the Jedi Knights.","(2014–2018)","22 min","27,591","TV-Y7-FV","Stars: Taylor Gray, Dave Filoni, Vanessa Marshall, Freddie Prinze Jr.","TV Series (2014–2018)","Official Sites: Disney XD [United States] | Lucasfilm [United States] | See more »"
"304.","Spectre","6.8","Action, Adventure, Thriller","A cryptic message from James Bond's past sends him on a trail to uncover the existence of a sinister organisation named SPECTRE. With a new threat dawning, Bond learns the terrible truth about the author of all his pain in his most recent missions.","(I) (2015)","148 min","379,020","PG-13","Director: Sam Mendes | Stars: Daniel Craig, Christoph Waltz, Léa Seydoux, Ralph Fiennes","6 November 2015 (USA)","Official Sites: 007 [United States] | MGM [United States] | See more »"
"305.","Mortal Kombat","","Action, Adventure, Fantasy","Feature film based on the popular video game.","(2021)","","","","Director: Simon McQuoid | Stars: Jessica McNamee, Hiroyuki Sanada, Joe Taslim, Tadanobu Asano","15 January 2021 (USA)","Official Sites: Threshold Entertainment"
"306.","Jurassic World","7.0","Action, Adventure, Sci-Fi","A new theme park, built on the original site of Jurassic Park, creates a genetically modified hybrid dinosaur, the Indominus Rex, which escapes containment and goes on a killing spree.","(2015)","124 min","572,792","PG-13","Director: Colin Trevorrow | Stars: Chris Pratt, Bryce Dallas Howard, Ty Simpkins, Judy Greer","12 June 2015 (USA)","Official Sites: Official site | Official site [France] | See more »"
"307.","X-Men: Dark Phoenix","5.8","Action, Adventure, Sci-Fi","Jean Grey begins to develop incredible powers that corrupt and turn her into a Dark Phoenix, causing the X-Men to decide if her life is worth more than all of humanity.","(2019)","113 min","149,625","PG-13","Director: Simon Kinberg | Stars: James McAvoy, Michael Fassbender, Jennifer Lawrence, Nicholas Hoult","7 June 2019 (USA)","Official Sites: Marvel [United States] | Official Site | See more »"
"308.","X-Men Origins: Wolverine","6.6","Action, Adventure, Sci-Fi","The early years of James Logan, featuring his rivalry with his brother Victor Creed, his service in the special forces team Weapon X, and his experimentation into the metal-lined mutant Wolverine.","(2009)","107 min","462,278","PG-13","Director: Gavin Hood | Stars: Hugh Jackman, Liev Schreiber, Ryan Reynolds, Danny Huston","1 May 2009 (USA)","Official Sites: 20th Century Fox [France] | 20th Century Fox [Japan] | See more »"
"309.","Freddy vs. Jason","5.7","Action, Horror","Freddy Krueger and Jason Voorhees return to terrorize the teenage population. Except this time, they're out to get each other, too.","(2003)","97 min","109,780","R","Director: Ronny Yu | Stars: Robert Englund, Ken Kirzinger, Kelly Rowland, Monica Keena","","Country: Canada | USA"
"310.","Captain America: Civil War","7.8","Action, Adventure, Sci-Fi","Political involvement in the Avengers' affairs causes a rift between Captain America and Iron Man.","(2016)","147 min","650,808","PG-13","Directors: Anthony Russo, Joe Russo | Stars: Chris Evans, Robert Downey Jr., Scarlett Johansson, Sebastian Stan","6 May 2016 (USA)","Official Sites: Marvel Official Site | Official Facebook | See more »"
"311.","Doctor Strange","7.5","Action, Adventure, Fantasy","While on a journey of physical and spiritual healing, a brilliant neurosurgeon is drawn into the world of the mystic arts.","(2016)","115 min","585,181","PG-13","Director: Scott Derrickson | Stars: Benedict Cumberbatch, Chiwetel Ejiofor, Rachel McAdams, Benedict Wong","4 November 2016 (USA)","Official Sites: Marvel [United States] | Official Facebook | See more »"
"312.","Rome","8.7","Action, Drama, History","A down-to-earth account of the lives of both illustrious and ordinary Romans set in the last days of the Roman Republic.","(2005–2007)","52 min","152,233","TV-MA","Stars: Kevin McKidd, Ray Stevenson, Polly Walker, Kerry Condon","TV Series (2005–2007)","Official Sites: BBC [UK] | HBO GO® [USA]"
"313.","RED","7.0","Action, Comedy, Crime","When his peaceful life is threatened by a high-tech assassin, former black-ops agent Frank Moses reassembles his old team in a last-ditch effort to survive and uncover his assailants.","(2010)","111 min","286,084","PG-13","Director: Robert Schwentke | Stars: Bruce Willis, Helen Mirren, Morgan Freeman, Mary-Louise Parker","15 October 2010 (USA)","Official Sites: Official site [Japan] | Vidio [Indonesia]"
"314.","Stargate: Atlantis","8.1","Action, Adventure, Drama","An international team of scientists and military personnel discover a Stargate network in the Pegasus Galaxy and come face-to-face with a new, powerful enemy, The Wraith.","(2004–2009)","44 min","60,358","TV-PG","Stars: Joe Flanigan, Rachel Luttrell, David Hewlett, Jason Momoa","TV Series (2004–2009)","Official Sites: MGM | Sci Fi Channel"
"315.","King Arthur: Legend of the Sword","6.7","Action, Adventure, Drama","Robbed of his birthright, Arthur comes up the hard way in the back alleys of the city. But once he pulls the sword from the stone, he is forced to acknowledge his true legacy - whether he likes it or not.","(2017)","126 min","188,742","PG-13","Director: Guy Ritchie | Stars: Charlie Hunnam, Astrid Bergès-Frisbey, Jude Law, Djimon Hounsou","12 May 2017 (USA)","Official Sites: Official Site | Official Twitter"
"316.","The Hunt for Red October","7.6","Action, Adventure, Thriller","In November 1984, the Soviet Union's best submarine Captain in their newest sub violates orders and heads for the U.S. Is he trying to defect or to start a war?","(1990)","135 min","176,999","PG","Director: John McTiernan | Stars: Sean Connery, Alec Baldwin, Scott Glenn, Sam Neill","2 March 1990 (USA)","Country: USA"
"317.","The Fast and the Furious","6.8","Action, Crime, Thriller","Los Angeles police officer Brian O'Conner must decide where his loyalty really lies when he becomes enamored with the street racing world he has been sent undercover to destroy.","(2001)","106 min","343,270","PG-13","Director: Rob Cohen | Stars: Vin Diesel, Paul Walker, Michelle Rodriguez, Jordana Brewster","22 June 2001 (USA)","Official Sites: Official Facebook"
"318.","One Punch Man","8.8","Animation, Action, Comedy","The story of Saitama, a hero that does it just for fun & can defeat his enemies with a single punch.","(2015– )","24 min","109,064","TV-PG","Stars: Makoto Furukawa, Kaito Ishikawa, Max Mittelman, Zach Aguilar","TV Series (2015– )","Official Sites: Official site"
"319.","Buffy the Vampire Slayer","5.7","Action, Comedy, Fantasy","Flighty teenage girl Buffy Summers learns that she is her generation's destined battler of vampires.","(1992)","86 min","39,533","PG-13","Director: Fran Rubel Kuzui | Stars: Kristy Swanson, Donald Sutherland, Paul Reubens, Rutger Hauer","31 July 1992 (USA)","Country: USA"
"320.","Road House","6.6","Action, Thriller","A tough bouncer is hired to tame a dirty bar.","(1989)","114 min","62,090","R","Director: Rowdy Herrington | Stars: Patrick Swayze, Kelly Lynch, Sam Elliott, Ben Gazzara","","Country: USA"
"321.","The Mortal Instruments: City of Bones","5.9","Action, Adventure, Fantasy","When her mother disappears, Clary Fray learns that she descends from a line of warriors who protect our world from demons. She joins forces with others like her and heads into a dangerous alternate New York called the Shadow World.","(2013)","130 min","126,891","PG-13","Director: Harald Zwart | Stars: Lily Collins, Jamie Campbell Bower, Robert Sheehan, Jemima West","21 August 2013 (USA)","Official Sites: Official Facebook"
"322.","Solo: A Star Wars Story","6.9","Action, Adventure, Sci-Fi","During an adventure into the criminal underworld, Han Solo meets his future co-pilot Chewbacca and encounters Lando Calrissian years before joining the Rebellion.","(2018)","135 min","282,071","PG-13","Director: Ron Howard | Stars: Alden Ehrenreich, Woody Harrelson, Emilia Clarke, Donald Glover","25 May 2018 (USA)","Official Sites: Official Site"
"323.","Terminator Genisys","6.3","Action, Adventure, Sci-Fi","When John Connor, leader of the human resistance, sends Sgt. Kyle Reese back to 1984 to protect Sarah Connor and safeguard the future, an unexpected turn of events creates a fractured timeline.","(2015)","126 min","256,647","PG-13","Director: Alan Taylor | Stars: Arnold Schwarzenegger, Jason Clarke, Emilia Clarke, Jai Courtney","1 July 2015 (USA)","Official Sites: Official Facebook [Germany] | Official site [Germany]"
"324.","Strike Back","8.2","Action, Drama, Thriller","Follows the actions of Section 20, a secretive unit of British military intelligence. A team of special operations personnel conduct several high risk missions across the globe.","(2010–2020)","45 min","28,943","TV-MA","Stars: Philip Winchester, Sullivan Stapleton, Michelle Lukes, Daniel MacPherson","TV Series (2010–2020)","Official Sites: Sky1 [UK]"
"325.","Ash vs Evil Dead","8.4","Action, Comedy, Fantasy","Ash has spent the last thirty years avoiding responsibility, maturity, and the terrors of the Evil Dead until a Deadite plague threatens to destroy all of mankind and Ash becomes mankind's only hope.","(2015–2018)","30 min","63,645","TV-MA","Stars: Bruce Campbell, Ray Santiago, Dana DeLorenzo, Lucy Lawless","TV Series (2015–2018)","Official Sites: Official Facebook | Official Instagram | See more »"
"326.","Treadstone","7.0","Action","The Treadstone project, having created super spy Jason Bourne, turns its attention on a new protocol to develop unstoppable superhuman assassins.","(2019)","44 min","7,383","TV-MA","Stars: Jeremy Irvine, Tracy Ifeachor, Omar Metwally, Hyo-joo Han","","Country: USA"
"327.","The Purge","6.4","Action, Drama, Horror","Set in an altered United States, several unrelated people discover how far they will go to survive a night where all crime is legal for 12 hours.","(2018–2019)","42 min","11,899","TV-MA","Stars: Gabriel Chavarria, Derek Luke, Hannah Emily Anderson, Max Martini","TV Series (2018–2019)","Country: USA"
"328.","The Maze Runner","6.8","Action, Mystery, Sci-Fi","Thomas is deposited in a community of boys after his memory is erased, soon learning they're all trapped in a maze that will require him to join forces with fellow ""runners"" for a shot at escape.","(2014)","113 min","411,475","PG-13","Director: Wes Ball | Stars: Dylan O'Brien, Kaya Scodelario, Will Poulter, Thomas Brodie-Sangster","19 September 2014 (USA)","Official Sites: Official Facebook | Official Instagram | See more »"
"329.","The Eternals","","Action, Adventure, Drama","The saga of the Eternals, a race of immortal beings who lived on Earth and shaped its history and civilizations.","(2021)","","","","Director: Chloé Zhao | Stars: Angelina Jolie, Gemma Chan, Richard Madden, Salma Hayek","5 November 2021 (USA)","Country: USA"
"330.","Avatar 2","","Action, Adventure, Fantasy","A sequel to Avatar (2009).","(2022)","","","","Director: James Cameron | Stars: Zoe Saldana, Vin Diesel, Kate Winslet, Sigourney Weaver","16 December 2022 (USA)","Country: USA"
"331.","Cut Throat City","4.4","Action, Crime, Drama","Set after Hurricane Katrina, four boyhood friends out of options reluctantly accept an offer to pull off a dangerous heist in the heart of New Orleans.","(2020)","123 min","605","R","Director: RZA | Stars: Shameik Moore, Demetrius Shipp Jr., Denzel Whitaker, Keean Johnson","21 August 2020 (USA)","Official Sites: Official site"
"332.","Sherlock Holmes","7.6","Action, Adventure, Mystery","Detective Sherlock Holmes and his stalwart partner Watson engage in a battle of wits and brawn with a nemesis whose plot is a threat to all of England.","(2009)","128 min","577,213","PG-13","Director: Guy Ritchie | Stars: Robert Downey Jr., Jude Law, Rachel McAdams, Mark Strong","25 December 2009 (USA)","Official Sites: Official Facebook | Warner Bros. [Japan] | See more »"
"333.","Morbius","","Action, Adventure, Drama","Biochemist Michael Morbius tries to cure himself of a rare blood disease, but he inadvertently infects himself with a form of vampirism instead.","(2021)","","","Unrated","Director: Daniel Espinosa | Stars: Michael Keaton, Jared Leto, Adria Arjona, Matt Smith","19 March 2021 (USA)","Official Sites: Instagram | Official Facebook | See more »"
"334.","Upgrade","7.5","Action, Sci-Fi, Thriller","Set in the near-future, technology controls nearly all aspects of life. But when the world of Grey, a self-labeled technophobe, is turned upside down, his only hope for revenge is an experimental computer chip implant.","(2018)","100 min","153,177","R","Director: Leigh Whannell | Stars: Logan Marshall-Green, Melanie Vallejo, Steve Danielsen, Abby Craden","1 June 2018 (USA)","Official Sites: Official Facebook | Official Instagram | See more »"
"335.","Armageddon","6.7","Action, Adventure, Sci-Fi","After discovering that an asteroid the size of Texas is going to impact Earth in less than a month, NASA recruits a misfit team of deep-core drillers to save the planet.","(1998)","151 min","391,956","PG-13","Director: Michael Bay | Stars: Bruce Willis, Billy Bob Thornton, Ben Affleck, Liv Tyler","1 July 1998 (USA)","Country: USA"
"336.","The Bourne Identity","7.9","Action, Mystery, Thriller","A man is picked up by a fishing boat, bullet-riddled and suffering from amnesia, before racing to elude assassins and attempting to regain his memory.","(2002)","119 min","502,123","PG-13","Director: Doug Liman | Stars: Franka Potente, Matt Damon, Chris Cooper, Clive Owen","14 June 2002 (USA)","Official Sites: Universal [United States]"
"337.","Quantum of Solace","6.6","Action, Adventure, Thriller","James Bond descends into mystery as he tries to stop a mysterious organisation from eliminating a country's most valuable resource.","(2008)","106 min","400,584","PG-13","Director: Marc Forster | Stars: Daniel Craig, Olga Kurylenko, Mathieu Amalric, Judi Dench","14 November 2008 (USA)","Official Sites: MGM [United States] | Official site DVD - Blu-Ray [Greece] | See more »"
"338.","Predator","7.8","Action, Adventure, Sci-Fi","A team of commandos on a mission in a Central American jungle find themselves hunted by an extraterrestrial warrior.","(1987)","107 min","366,956","R","Director: John McTiernan | Stars: Arnold Schwarzenegger, Carl Weathers, Kevin Peter Hall, Elpidia Carrillo","12 June 1987 (USA)","Official Sites: Official Facebook | Official site"
"339.","The Equalizer","7.2","Action, Crime, Thriller","A man believes he has put his mysterious past behind him and has dedicated himself to beginning a new, quiet life, before he meets a young girl under the control of ultra-violent Russian gangsters and can't stand idly by.","(2014)","132 min","328,289","R","Director: Antoine Fuqua | Stars: Denzel Washington, Marton Csokas, Chloë Grace Moretz, David Harbour","26 September 2014 (USA)","Official Sites: Official Facebook | Official site | See more »"
"340.","Point Break","7.3","Action, Crime, Thriller","An F.B.I. Agent goes undercover to catch a gang of surfers who may be bank robbers.","(1991)","122 min","155,144","R","Director: Kathryn Bigelow | Stars: Patrick Swayze, Keanu Reeves, Gary Busey, Lori Petty","12 July 1991 (USA)","Country: Japan | USA"
"341.","CSI: Miami","6.4","Action, Crime, Drama","The cases of the Miami-Dade, Florida police department's Crime Scene Investigations unit.","(2002–2012)","43 min","52,560","TV-14","Stars: David Caruso, Emily Procter, Adam Rodriguez, Rex Linn","TV Series (2002–2012)","Official Sites: A&E TV [United States] | Channel 5 [UK] | See more »"
"342.","Star Wars: Episode VIII - The Last Jedi","7.0","Action, Adventure, Fantasy","Rey develops her newly discovered abilities with the guidance of Luke Skywalker, who is unsettled by the strength of her powers. Meanwhile, the Resistance prepares for battle with the First Order.","(2017)","152 min","552,742","PG-13","Director: Rian Johnson | Stars: Daisy Ridley, John Boyega, Mark Hamill, Carrie Fisher","15 December 2017 (USA)","Official Sites: Official Facebook | Official Site | See more »"
"343.","Kingsman: The Golden Circle","6.7","Action, Adventure, Comedy","After the Kingsman's headquarters are destroyed and the world is held hostage, an allied spy organisation in the United States is discovered. These two elite secret organisations must band together to defeat a common enemy.","(2017)","141 min","266,940","R","Director: Matthew Vaughn | Stars: Taron Egerton, Colin Firth, Mark Strong, Channing Tatum","22 September 2017 (USA)","Official Sites: Official Facebook | Official Instagram | See more »"
"344.","Star Trek Beyond","7.1","Action, Adventure, Sci-Fi","The crew of the USS Enterprise explores the furthest reaches of uncharted space, where they encounter a new ruthless enemy, who puts them, and everything the Federation stands for, to the test.","(2016)","122 min","224,903","PG-13","Director: Justin Lin | Stars: Chris Pine, Zachary Quinto, Karl Urban, Zoe Saldana","22 July 2016 (USA)","Official Sites: Official Site"
"345.","Into the Badlands","8.0","Action, Adventure, Drama","A mighty warrior and a young boy search for enlightenment in a ruthless territory controlled by feudal barons.","(2015–2019)","42 min","40,324","TV-14","Stars: Daniel Wu, Orla Brady, Emily Beecham, Aramis Knight","TV Series (2015–2019)","Official Sites: AMC | Official Facebook | See more »"
"346.","Batwoman","3.6","Action, Adventure, Crime","Kate Kane seeks justice for Gotham City as Batwoman.","(2019– )","45 min","28,762","TV-14","Stars: Camrus Johnson, Ruby Rose, Rachel Skarsten, Meagan Tandy","TV Series (2019– )","Official Sites: Official Facebook | Official Instagram | See more »"
"347.","The Rhythm Section","5.2","Action, Drama, Mystery","A woman seeks revenge against those who orchestrated a plane crash that killed her family.","(2020)","109 min","9,853","R","Director: Reed Morano | Stars: Blake Lively, Richard Brake, Elly Curtis, David Duggan","",""